{
  "training": {
    "n": 100,
    "rayleigh_R_bar": 0.09464259057613524,
    "rayleigh_p_uniform": 0.4093274192648012,
    "magnitude_mean": 0.03243949922407894,
    "magnitude_std": 0.01582430126326423,
    "phase_mean": 0.8147814355757813
  },
  "generated": {
    "n": 100,
    "rayleigh_R_bar": 0.10983543796073596,
    "rayleigh_p_uniform": 0.299999404409728,
    "magnitude_mean": 0.14613209740067817,
    "magnitude_std": 0.07287741399138016,
    "phase_mean": 0.03964714620644471
  },
  "interpretation": {
    "training_orientation": "isotropic (random per-sample direction)",
    "generated_orientation": "isotropic (random per-sample direction)"
  }
}