{
  "training": {
    "label": "train",
    "n_images": 100,
    "var_theta_mass": {
      "mean": 42.27476957870898,
      "std": 8.72795507085005,
      "sem": 0.8727955070850051,
      "ci95": [
        40.52896337524674,
        43.992229103636824
      ],
      "median": 42.240017835110805,
      "min": 22.213895603903662,
      "max": 62.077388922362836
    },
    "p1_fraction": {
      "mean": 0.004345639665783624,
      "std": 0.004197686002778401,
      "sem": 0.00041976860027784007,
      "ci95": [
        0.0035870186418699664,
        0.005229602810283528
      ],
      "median": 0.0035359508257098507,
      "min": 3.523917368513017e-05,
      "max": 0.023875132102221575
    },
    "p2_fraction": {
      "mean": 0.12382648930225285,
      "std": 0.10222358305042874,
      "sem": 0.010222358305042874,
      "ci95": [
        0.10468217157270557,
        0.14368124908888877
      ],
      "median": 0.09775773227151936,
      "min": 0.0018823537223799612,
      "max": 0.4070806658326289
    },
    "p_low5_fraction": {
      "mean": 0.49086430003725307,
      "std": 0.1093140344049382,
      "sem": 0.01093140344049382,
      "ci95": [
        0.4686235349257461,
        0.5117463899131106
      ],
      "median": 0.48622858906175415,
      "min": 0.23333237512877145,
      "max": 0.7320777115741143
    },
    "rg": {
      "mean": 95.5454668152318,
      "std": 3.690792480783216,
      "sem": 0.3690792480783216,
      "ci95": [
        94.81446935297907,
        96.26314726699145
      ],
      "median": 95.91321157337404,
      "min": 88.03631263813232,
      "max": 105.32255725170329
    },
    "n_holes": {
      "mean": 6.23,
      "std": 2.766520624111876,
      "sem": 0.27665206241118756,
      "ci95": [
        5.69,
        6.77
      ],
      "median": 6.0,
      "min": 2.0,
      "max": 17.0
    },
    "is_tree_fraction": 0.0,
    "single_component_fraction": 0.0
  },
  "generated": {
    "label": "generated",
    "n_images": 100,
    "var_theta_mass": {
      "mean": 63.36337121751674,
      "std": 22.803728669222927,
      "sem": 2.280372866922293,
      "ci95": [
        58.927774602733415,
        67.90142601399599
      ],
      "median": 62.1185205432138,
      "min": 24.014066776135746,
      "max": 123.21700762133977
    },
    "p1_fraction": {
      "mean": 0.05218908593555469,
      "std": 0.04853247818062512,
      "sem": 0.0048532478180625125,
      "ci95": [
        0.043046874296586275,
        0.0617367384860896
      ],
      "median": 0.035686932226407356,
      "min": 0.0007628767211268881,
      "max": 0.19860638079388518
    },
    "p2_fraction": {
      "mean": 0.19570433545164578,
      "std": 0.14798601356705504,
      "sem": 0.014798601356705503,
      "ci95": [
        0.1677150390465054,
        0.22497091428348265
      ],
      "median": 0.16594041795056746,
      "min": 0.001524293261561217,
      "max": 0.6246467939874669
    },
    "p_low5_fraction": {
      "mean": 0.5354472686557546,
      "std": 0.12914628226680214,
      "sem": 0.012914628226680214,
      "ci95": [
        0.5089248112332111,
        0.560311929717504
      ],
      "median": 0.5649350955180229,
      "min": 0.1496758911406861,
      "max": 0.7910680563334742
    },
    "rg": {
      "mean": 174.58557269222672,
      "std": 27.228256768966492,
      "sem": 2.7228256768966492,
      "ci95": [
        169.083211559534,
        179.88833764117476
      ],
      "median": 175.10938594556714,
      "min": 110.79590472358916,
      "max": 239.10375353232027
    },
    "n_holes": {
      "mean": 4.45,
      "std": 2.6982036673133165,
      "sem": 0.26982036673133164,
      "ci95": [
        3.94,
        5.0
      ],
      "median": 4.0,
      "min": 0.0,
      "max": 12.0
    },
    "is_tree_fraction": 0.0,
    "single_component_fraction": 0.0
  },
  "ks_tests": {
    "var_theta_mass": {
      "statistic": 0.55,
      "p_value": 3.0406585087050305e-14
    },
    "p1_fraction": {
      "statistic": 0.78,
      "p_value": 2.485563277850393e-30
    },
    "p2_fraction": {
      "statistic": 0.23,
      "p_value": 0.009878183186176536
    },
    "p_low5_fraction": {
      "statistic": 0.23,
      "p_value": 0.009878183186176536
    },
    "rg": {
      "statistic": 1.0,
      "p_value": 2.2087606931995054e-59
    },
    "n_holes": {
      "statistic": 0.29,
      "p_value": 0.0004117410017938115
    }
  },
  "config": {
    "n_wedges": 72,
    "threshold": 128,
    "closing_iters": 2,
    "training_dir": "/tmp/train_final_56743815",
    "generated_dir": "results/eval_v4mc_e14/samples_ch0"
  }
}