{
  "training": {
    "n": 100,
    "rayleigh_R_bar": 0.09464259057613524,
    "rayleigh_p_uniform": 0.4093274192648012,
    "magnitude_mean": 0.03243949922407894,
    "magnitude_std": 0.01582430126326423,
    "phase_mean": 0.8147814355757813
  },
  "generated": {
    "n": 100,
    "rayleigh_R_bar": 0.07018114882035018,
    "rayleigh_p_uniform": 0.6122094364244831,
    "magnitude_mean": 0.05815061740221201,
    "magnitude_std": 0.03403274841711005,
    "phase_mean": 1.5200563705997756
  },
  "interpretation": {
    "training_orientation": "isotropic (random per-sample direction)",
    "generated_orientation": "isotropic (random per-sample direction)"
  }
}