{
  "training": {
    "label": "train",
    "n_images": 100,
    "var_theta_mass": {
      "mean": 42.27476957870898,
      "std": 8.72795507085005,
      "sem": 0.8727955070850051,
      "ci95": [
        40.52896337524674,
        43.992229103636824
      ],
      "median": 42.240017835110805,
      "min": 22.213895603903662,
      "max": 62.077388922362836
    },
    "p1_fraction": {
      "mean": 0.004345639665783624,
      "std": 0.004197686002778401,
      "sem": 0.00041976860027784007,
      "ci95": [
        0.0035870186418699664,
        0.005229602810283528
      ],
      "median": 0.0035359508257098507,
      "min": 3.523917368513017e-05,
      "max": 0.023875132102221575
    },
    "p2_fraction": {
      "mean": 0.12382648930225285,
      "std": 0.10222358305042874,
      "sem": 0.010222358305042874,
      "ci95": [
        0.10468217157270557,
        0.14368124908888877
      ],
      "median": 0.09775773227151936,
      "min": 0.0018823537223799612,
      "max": 0.4070806658326289
    },
    "p_low5_fraction": {
      "mean": 0.49086430003725307,
      "std": 0.1093140344049382,
      "sem": 0.01093140344049382,
      "ci95": [
        0.4686235349257461,
        0.5117463899131106
      ],
      "median": 0.48622858906175415,
      "min": 0.23333237512877145,
      "max": 0.7320777115741143
    },
    "rg": {
      "mean": 95.5454668152318,
      "std": 3.690792480783216,
      "sem": 0.3690792480783216,
      "ci95": [
        94.81446935297907,
        96.26314726699145
      ],
      "median": 95.91321157337404,
      "min": 88.03631263813232,
      "max": 105.32255725170329
    },
    "n_holes": {
      "mean": 6.23,
      "std": 2.766520624111876,
      "sem": 0.27665206241118756,
      "ci95": [
        5.69,
        6.77
      ],
      "median": 6.0,
      "min": 2.0,
      "max": 17.0
    },
    "is_tree_fraction": 0.0,
    "single_component_fraction": 0.0
  },
  "generated": {
    "label": "generated",
    "n_images": 88,
    "var_theta_mass": {
      "mean": 47.43925012937223,
      "std": 36.166900838314234,
      "sem": 3.855404583545461,
      "ci95": [
        40.21500408450721,
        55.276839680721245
      ],
      "median": 35.850498676349076,
      "min": 9.946474052849412,
      "max": 176.32377427570842
    },
    "p1_fraction": {
      "mean": 0.0658374142578762,
      "std": 0.07837166106677469,
      "sem": 0.008354447140707735,
      "ci95": [
        0.05021636048957402,
        0.08314939926203314
      ],
      "median": 0.03180443229874719,
      "min": 0.0002223221380576746,
      "max": 0.3550900747033655
    },
    "p2_fraction": {
      "mean": 0.2255115985089569,
      "std": 0.1444331051011048,
      "sem": 0.015396620736510356,
      "ci95": [
        0.19619448232731995,
        0.2558021603760761
      ],
      "median": 0.2238912705292026,
      "min": 0.004010941753310373,
      "max": 0.671254567568934
    },
    "p_low5_fraction": {
      "mean": 0.5455392840672891,
      "std": 0.13267383912130165,
      "sem": 0.014143078771155261,
      "ci95": [
        0.5179646147558836,
        0.5726345556523643
      ],
      "median": 0.5672966429004973,
      "min": 0.0614615398589933,
      "max": 0.812001510497936
    },
    "rg": {
      "mean": 130.88210711536314,
      "std": 45.33307867664675,
      "sem": 4.832522424233168,
      "ci95": [
        121.9126479475012,
        140.51760414505154
      ],
      "median": 121.8864133357701,
      "min": 62.98831445335998,
      "max": 260.63271870391605
    },
    "n_holes": {
      "mean": 2.0568181818181817,
      "std": 1.5709866183605512,
      "sem": 0.16746773620977373,
      "ci95": [
        1.7386363636363635,
        2.3863636363636362
      ],
      "median": 2.0,
      "min": 0.0,
      "max": 9.0
    },
    "is_tree_fraction": 0.0,
    "single_component_fraction": 0.0
  },
  "ks_tests": {
    "var_theta_mass": {
      "statistic": 0.39181818181818184,
      "p_value": 5.960871585072817e-07
    },
    "p1_fraction": {
      "statistic": 0.6431818181818182,
      "p_value": 8.086515670595676e-19
    },
    "p2_fraction": {
      "statistic": 0.3427272727272727,
      "p_value": 2.1078923707892843e-05
    },
    "p_low5_fraction": {
      "statistic": 0.30318181818181816,
      "p_value": 0.0002573765815116361
    },
    "rg": {
      "statistic": 0.6731818181818182,
      "p_value": 9.626046029647842e-21
    },
    "n_holes": {
      "statistic": 0.6845454545454546,
      "p_value": 1.6436800236504517e-21
    }
  },
  "config": {
    "n_wedges": 72,
    "threshold": 128,
    "closing_iters": 2,
    "training_dir": "/tmp/recover_train_56505223",
    "generated_dir": "results/eval_v4mc/samples_ch0"
  }
}