{
  "training": {
    "n": 100,
    "rayleigh_R_bar": 0.09464259057613524,
    "rayleigh_p_uniform": 0.4093274192648012,
    "magnitude_mean": 0.03243949922407894,
    "magnitude_std": 0.01582430126326423,
    "phase_mean": 0.8147814355757813
  },
  "generated": {
    "n": 100,
    "rayleigh_R_bar": 0.03866837598612275,
    "rayleigh_p_uniform": 0.8617128803922053,
    "magnitude_mean": 0.061104130317814045,
    "magnitude_std": 0.04716429486486997,
    "phase_mean": 1.3956395046881882
  },
  "interpretation": {
    "training_orientation": "isotropic (random per-sample direction)",
    "generated_orientation": "isotropic (random per-sample direction)"
  }
}