{
  "training": {
    "label": "train",
    "n_images": 100,
    "var_theta_mass": {
      "mean": 42.27476957870898,
      "std": 8.72795507085005,
      "sem": 0.8727955070850051,
      "ci95": [
        40.52896337524674,
        43.992229103636824
      ],
      "median": 42.240017835110805,
      "min": 22.213895603903662,
      "max": 62.077388922362836
    },
    "p1_fraction": {
      "mean": 0.004345639665783624,
      "std": 0.004197686002778401,
      "sem": 0.00041976860027784007,
      "ci95": [
        0.0035870186418699664,
        0.005229602810283528
      ],
      "median": 0.0035359508257098507,
      "min": 3.523917368513017e-05,
      "max": 0.023875132102221575
    },
    "p2_fraction": {
      "mean": 0.12382648930225285,
      "std": 0.10222358305042874,
      "sem": 0.010222358305042874,
      "ci95": [
        0.10468217157270557,
        0.14368124908888877
      ],
      "median": 0.09775773227151936,
      "min": 0.0018823537223799612,
      "max": 0.4070806658326289
    },
    "p_low5_fraction": {
      "mean": 0.49086430003725307,
      "std": 0.1093140344049382,
      "sem": 0.01093140344049382,
      "ci95": [
        0.4686235349257461,
        0.5117463899131106
      ],
      "median": 0.48622858906175415,
      "min": 0.23333237512877145,
      "max": 0.7320777115741143
    },
    "rg": {
      "mean": 95.5454668152318,
      "std": 3.690792480783216,
      "sem": 0.3690792480783216,
      "ci95": [
        94.81446935297907,
        96.26314726699145
      ],
      "median": 95.91321157337404,
      "min": 88.03631263813232,
      "max": 105.32255725170329
    },
    "n_holes": {
      "mean": 6.23,
      "std": 2.766520624111876,
      "sem": 0.27665206241118756,
      "ci95": [
        5.69,
        6.77
      ],
      "median": 6.0,
      "min": 2.0,
      "max": 17.0
    },
    "is_tree_fraction": 0.0,
    "single_component_fraction": 0.0
  },
  "generated": {
    "label": "generated",
    "n_images": 100,
    "var_theta_mass": {
      "mean": 43.9955686053935,
      "std": 12.25919845798762,
      "sem": 1.2259198457987621,
      "ci95": [
        41.74520622366285,
        46.402781878763605
      ],
      "median": 42.34493857130229,
      "min": 24.37480793713508,
      "max": 81.16053544115492
    },
    "p1_fraction": {
      "mean": 0.015462249095932978,
      "std": 0.01765328011430656,
      "sem": 0.0017653280114306562,
      "ci95": [
        0.012244723423226783,
        0.018995106633869996
      ],
      "median": 0.008885863030712773,
      "min": 7.814918230980068e-05,
      "max": 0.08695092863399495
    },
    "p2_fraction": {
      "mean": 0.18907643208404873,
      "std": 0.14569744158860476,
      "sem": 0.014569744158860476,
      "ci95": [
        0.16140889788905388,
        0.21770370379828957
      ],
      "median": 0.1587234635265454,
      "min": 0.011891707528948655,
      "max": 0.5598762431387685
    },
    "p_low5_fraction": {
      "mean": 0.5235308318681369,
      "std": 0.12466331864204863,
      "sem": 0.012466331864204863,
      "ci95": [
        0.4990134213588775,
        0.5473072577450125
      ],
      "median": 0.5218859834294516,
      "min": 0.22127734661217124,
      "max": 0.8087712454811542
    },
    "rg": {
      "mean": 103.99314615482139,
      "std": 9.789833814996266,
      "sem": 0.9789833814996266,
      "ci95": [
        102.12941852903978,
        105.96084367448427
      ],
      "median": 102.06821811911388,
      "min": 84.06426936318155,
      "max": 132.89280237384082
    },
    "n_holes": {
      "mean": 6.28,
      "std": 2.5508168626278658,
      "sem": 0.2550816862627866,
      "ci95": [
        5.79,
        6.77
      ],
      "median": 6.0,
      "min": 0.0,
      "max": 13.0
    },
    "is_tree_fraction": 0.0,
    "single_component_fraction": 0.0
  },
  "ks_tests": {
    "var_theta_mass": {
      "statistic": 0.09,
      "p_value": 0.8154147124661313
    },
    "p1_fraction": {
      "statistic": 0.41,
      "p_value": 6.617357604827955e-08
    },
    "p2_fraction": {
      "statistic": 0.24,
      "p_value": 0.0061340334218580265
    },
    "p_low5_fraction": {
      "statistic": 0.14,
      "p_value": 0.2819416298082479
    },
    "rg": {
      "statistic": 0.51,
      "p_value": 3.319419024623016e-12
    },
    "n_holes": {
      "statistic": 0.08,
      "p_value": 0.9084105017744525
    }
  },
  "config": {
    "n_wedges": 72,
    "threshold": 128,
    "closing_iters": 2,
    "training_dir": "/tmp/train_final_56743815",
    "generated_dir": "results/eval_v3cr_e84/samples"
  }
}