{
  "training": {
    "label": "train",
    "n_images": 100,
    "var_theta_mass": {
      "mean": 42.27476957870898,
      "std": 8.72795507085005,
      "sem": 0.8727955070850051,
      "ci95": [
        40.52896337524674,
        43.992229103636824
      ],
      "median": 42.240017835110805,
      "min": 22.213895603903662,
      "max": 62.077388922362836
    },
    "p1_fraction": {
      "mean": 0.004345639665783624,
      "std": 0.004197686002778401,
      "sem": 0.00041976860027784007,
      "ci95": [
        0.0035870186418699664,
        0.005229602810283528
      ],
      "median": 0.0035359508257098507,
      "min": 3.523917368513017e-05,
      "max": 0.023875132102221575
    },
    "p2_fraction": {
      "mean": 0.12382648930225285,
      "std": 0.10222358305042874,
      "sem": 0.010222358305042874,
      "ci95": [
        0.10468217157270557,
        0.14368124908888877
      ],
      "median": 0.09775773227151936,
      "min": 0.0018823537223799612,
      "max": 0.4070806658326289
    },
    "p_low5_fraction": {
      "mean": 0.49086430003725307,
      "std": 0.1093140344049382,
      "sem": 0.01093140344049382,
      "ci95": [
        0.4686235349257461,
        0.5117463899131106
      ],
      "median": 0.48622858906175415,
      "min": 0.23333237512877145,
      "max": 0.7320777115741143
    },
    "rg": {
      "mean": 95.5454668152318,
      "std": 3.690792480783216,
      "sem": 0.3690792480783216,
      "ci95": [
        94.81446935297907,
        96.26314726699145
      ],
      "median": 95.91321157337404,
      "min": 88.03631263813232,
      "max": 105.32255725170329
    },
    "n_holes": {
      "mean": 6.23,
      "std": 2.766520624111876,
      "sem": 0.27665206241118756,
      "ci95": [
        5.69,
        6.77
      ],
      "median": 6.0,
      "min": 2.0,
      "max": 17.0
    },
    "is_tree_fraction": 0.0,
    "single_component_fraction": 0.0
  },
  "generated": {
    "label": "generated",
    "n_images": 96,
    "var_theta_mass": {
      "mean": 51.4052646715783,
      "std": 14.573255427467828,
      "sem": 1.4873766536892385,
      "ci95": [
        48.444161966236074,
        54.33069718828503
      ],
      "median": 49.15338407610712,
      "min": 25.34920159680639,
      "max": 90.20874431383146
    },
    "p1_fraction": {
      "mean": 0.01666844964598529,
      "std": 0.01552473530057437,
      "sem": 0.0015844866615908684,
      "ci95": [
        0.013609366615460776,
        0.0196605047295972
      ],
      "median": 0.012193737893156316,
      "min": 0.00020523271269877203,
      "max": 0.06209584849942849
    },
    "p2_fraction": {
      "mean": 0.20772971177847957,
      "std": 0.14157824087349094,
      "sem": 0.014449768700870924,
      "ci95": [
        0.18060207067953538,
        0.2358839356328505
      ],
      "median": 0.16356209223151336,
      "min": 0.00251343075437179,
      "max": 0.5432250855061407
    },
    "p_low5_fraction": {
      "mean": 0.5456380509180981,
      "std": 0.11106199507452205,
      "sem": 0.011335217406169901,
      "ci95": [
        0.5232613131488298,
        0.5677807371499166
      ],
      "median": 0.5495377699495461,
      "min": 0.24427590704750682,
      "max": 0.7684866223142605
    },
    "rg": {
      "mean": 117.05710197591624,
      "std": 12.29420224026978,
      "sem": 1.2547717618017833,
      "ci95": [
        114.62454283304339,
        119.49177617435689
      ],
      "median": 115.41201975405764,
      "min": 95.2237596465975,
      "max": 157.02596115717282
    },
    "n_holes": {
      "mean": 4.78125,
      "std": 2.5139741027850078,
      "sem": 0.2565814074331008,
      "ci95": [
        4.291666666666667,
        5.28125
      ],
      "median": 5.0,
      "min": 1.0,
      "max": 14.0
    },
    "is_tree_fraction": 0.0,
    "single_component_fraction": 0.0
  },
  "ks_tests": {
    "var_theta_mass": {
      "statistic": 0.2966666666666667,
      "p_value": 0.0002531237317104476
    },
    "p1_fraction": {
      "statistic": 0.5066666666666667,
      "p_value": 5.498401940668161e-12
    },
    "p2_fraction": {
      "statistic": 0.2758333333333333,
      "p_value": 0.0008523503763887631
    },
    "p_low5_fraction": {
      "statistic": 0.2683333333333333,
      "p_value": 0.0012957781426890477
    },
    "rg": {
      "statistic": 0.8966666666666666,
      "p_value": 6.534910807293269e-42
    },
    "n_holes": {
      "statistic": 0.24791666666666667,
      "p_value": 0.00377312526827215
    }
  },
  "config": {
    "n_wedges": 72,
    "threshold": 128,
    "closing_iters": 2,
    "training_dir": "/tmp/train_eval_56502963",
    "generated_dir": "results/eval_v3cr_e69/samples"
  }
}