{
  "training": {
    "label": "train",
    "n_images": 500,
    "var_theta_mass": {
      "mean": 41.4572920681287,
      "std": 7.749071099025631,
      "median": 40.90939699377701,
      "min": 20.245864073328864,
      "max": 67.59959839357428
    },
    "p1_fraction": {
      "mean": 0.003683758065479137,
      "std": 0.0036628090431581333,
      "median": 0.0024780906960197475,
      "min": 7.709949276187738e-06,
      "max": 0.02175157256701785
    },
    "p2_fraction": {
      "mean": 0.11570309941262553,
      "std": 0.09713026726124348,
      "median": 0.09550328678932112,
      "min": 0.00046131537403635724,
      "max": 0.5277135616862118
    },
    "p_low5_fraction": {
      "mean": 0.4897913447066117,
      "std": 0.11941827789089374,
      "median": 0.49348541098458776,
      "min": 0.1262935228780421,
      "max": 0.7646815893107871
    },
    "rg": {
      "mean": 95.12192853338432,
      "std": 3.712462450762826,
      "median": 95.01923385201695,
      "min": 86.01808242677333,
      "max": 107.8996097670724
    },
    "n_holes": {
      "mean": 6.356,
      "std": 2.5622771122577666,
      "median": 6.0,
      "min": 1.0,
      "max": 14.0
    },
    "is_tree_fraction": 0.0,
    "single_component_fraction": 0.01
  },
  "generated": {
    "label": "generated",
    "n_images": 100,
    "var_theta_mass": {
      "mean": 48.348370575037436,
      "std": 15.60685309556637,
      "median": 44.89279503290017,
      "min": 24.109196050624206,
      "max": 96.66391733029958
    },
    "p1_fraction": {
      "mean": 0.012878656651200813,
      "std": 0.015486452157343303,
      "median": 0.008152295725261757,
      "min": 0.0002216477591486192,
      "max": 0.08547151926910947
    },
    "p2_fraction": {
      "mean": 0.261571380779164,
      "std": 0.17208769190310652,
      "median": 0.23164383632045993,
      "min": 0.018851633764530196,
      "max": 0.6738855845123553
    },
    "p_low5_fraction": {
      "mean": 0.5342450107418207,
      "std": 0.1424909693787635,
      "median": 0.5262435477711548,
      "min": 0.18789980256024547,
      "max": 0.8111156577545497
    },
    "rg": {
      "mean": 108.64395398612392,
      "std": 12.793433238789756,
      "median": 105.86944645934929,
      "min": 87.58560856415171,
      "max": 144.62777821496388
    },
    "n_holes": {
      "mean": 8.46,
      "std": 2.9779858965414867,
      "median": 8.0,
      "min": 1.0,
      "max": 17.0
    },
    "is_tree_fraction": 0.0,
    "single_component_fraction": 0.0
  },
  "ks_tests": {
    "var_theta_mass": {
      "statistic": 0.312,
      "p_value": 1.1944056951552838e-07
    },
    "p1_fraction": {
      "statistic": 0.406,
      "p_value": 8.272586282358803e-13
    },
    "p2_fraction": {
      "statistic": 0.454,
      "p_value": 4.847257796358454e-16
    },
    "p_low5_fraction": {
      "statistic": 0.188,
      "p_value": 0.004966324542922391
    },
    "rg": {
      "statistic": 0.636,
      "p_value": 1.4563008807782358e-32
    },
    "n_holes": {
      "statistic": 0.3,
      "p_value": 4.2649120512381423e-07
    }
  },
  "config": {
    "n_wedges": 72,
    "threshold": 128,
    "closing_iters": 2,
    "training_dir": "/tmp/dlas_meeting/train_512",
    "generated_dir": "/tmp/dlas_meeting/epoch24_gen"
  }
}