{
  "training": {
    "label": "train",
    "n_images": 100,
    "var_theta_mass": {
      "mean": 42.27476957870898,
      "std": 8.72795507085005,
      "sem": 0.8727955070850051,
      "ci95": [
        40.52896337524674,
        43.992229103636824
      ],
      "median": 42.240017835110805,
      "min": 22.213895603903662,
      "max": 62.077388922362836
    },
    "p1_fraction": {
      "mean": 0.004345639665783624,
      "std": 0.004197686002778401,
      "sem": 0.00041976860027784007,
      "ci95": [
        0.0035870186418699664,
        0.005229602810283528
      ],
      "median": 0.0035359508257098507,
      "min": 3.523917368513017e-05,
      "max": 0.023875132102221575
    },
    "p2_fraction": {
      "mean": 0.12382648930225285,
      "std": 0.10222358305042874,
      "sem": 0.010222358305042874,
      "ci95": [
        0.10468217157270557,
        0.14368124908888877
      ],
      "median": 0.09775773227151936,
      "min": 0.0018823537223799612,
      "max": 0.4070806658326289
    },
    "p_low5_fraction": {
      "mean": 0.49086430003725307,
      "std": 0.1093140344049382,
      "sem": 0.01093140344049382,
      "ci95": [
        0.4686235349257461,
        0.5117463899131106
      ],
      "median": 0.48622858906175415,
      "min": 0.23333237512877145,
      "max": 0.7320777115741143
    },
    "rg": {
      "mean": 95.5454668152318,
      "std": 3.690792480783216,
      "sem": 0.3690792480783216,
      "ci95": [
        94.81446935297907,
        96.26314726699145
      ],
      "median": 95.91321157337404,
      "min": 88.03631263813232,
      "max": 105.32255725170329
    },
    "n_holes": {
      "mean": 6.23,
      "std": 2.766520624111876,
      "sem": 0.27665206241118756,
      "ci95": [
        5.69,
        6.77
      ],
      "median": 6.0,
      "min": 2.0,
      "max": 17.0
    },
    "is_tree_fraction": 0.0,
    "single_component_fraction": 0.0
  },
  "generated": {
    "label": "generated",
    "n_images": 32,
    "var_theta_mass": {
      "mean": 35.81267412333006,
      "std": 25.556366050684588,
      "sem": 4.517769934231184,
      "ci95": [
        28.039514654458202,
        44.977502288503736
      ],
      "median": 27.687436917098623,
      "min": 9.553178641175867,
      "max": 115.66743498817969
    },
    "p1_fraction": {
      "mean": 0.07193765801805253,
      "std": 0.0756368579379442,
      "sem": 0.01337083378889097,
      "ci95": [
        0.04778888529704322,
        0.09990359845410927
      ],
      "median": 0.04973230001317629,
      "min": 0.0010737084924745458,
      "max": 0.24301729558222518
    },
    "p2_fraction": {
      "mean": 0.20747639411854057,
      "std": 0.15736790969270645,
      "sem": 0.027818979021216234,
      "ci95": [
        0.15544631365231396,
        0.2621660413796608
      ],
      "median": 0.1793295977732685,
      "min": 0.003188809961693001,
      "max": 0.506683274304531
    },
    "p_low5_fraction": {
      "mean": 0.5316600928919375,
      "std": 0.11339142691752382,
      "sem": 0.020044961725449978,
      "ci95": [
        0.49153147670655994,
        0.5701260389894536
      ],
      "median": 0.5318840118959245,
      "min": 0.30130726684328507,
      "max": 0.7078578706778759
    },
    "rg": {
      "mean": 119.6822566498621,
      "std": 39.40823589304311,
      "sem": 6.966457708642471,
      "ci95": [
        107.07033488267649,
        133.4466799056003
      ],
      "median": 110.88060566495756,
      "min": 72.46565508839996,
      "max": 219.38839313339219
    },
    "n_holes": {
      "mean": 1.84375,
      "std": 1.5050318826330342,
      "sem": 0.2660545625279436,
      "ci95": [
        1.34375,
        2.34375
      ],
      "median": 1.5,
      "min": 0.0,
      "max": 5.0
    },
    "is_tree_fraction": 0.0,
    "single_component_fraction": 0.0
  },
  "ks_tests": {
    "var_theta_mass": {
      "statistic": 0.5125,
      "p_value": 2.2783408216011054e-06
    },
    "p1_fraction": {
      "statistic": 0.7025,
      "p_value": 3.914157713460324e-12
    },
    "p2_fraction": {
      "statistic": 0.2675,
      "p_value": 0.05018151284380396
    },
    "p_low5_fraction": {
      "statistic": 0.2425,
      "p_value": 0.09597999934417752
    },
    "rg": {
      "statistic": 0.605,
      "p_value": 7.105769048632155e-09
    },
    "n_holes": {
      "statistic": 0.6675,
      "p_value": 6.286698466142311e-11
    }
  },
  "config": {
    "n_wedges": 72,
    "threshold": 128,
    "closing_iters": 2,
    "training_dir": "/tmp/train_v4mc_56503061",
    "generated_dir": "results/eval_v4mc_e0004/samples_ch0"
  }
}