{
  "training": {
    "label": "train",
    "n_images": 100,
    "var_theta_mass": {
      "mean": 40.53423064682674,
      "std": 8.209309131744279,
      "sem": 0.8209309131744279,
      "ci95": [
        38.96126132857596,
        42.12608190774541
      ],
      "median": 39.75719641120355,
      "min": 21.31820033027605,
      "max": 59.64787318524484
    },
    "p1_fraction": {
      "mean": 0.003928373768425818,
      "std": 0.004868097492080113,
      "sem": 0.00048680974920801127,
      "ci95": [
        0.003044559107895172,
        0.004919636324040975
      ],
      "median": 0.002213693498037478,
      "min": 2.5689058672345832e-05,
      "max": 0.03242440828851677
    },
    "p2_fraction": {
      "mean": 0.10498039597994513,
      "std": 0.10037509152975266,
      "sem": 0.010037509152975266,
      "ci95": [
        0.08632890168516169,
        0.12548566934497535
      ],
      "median": 0.0833517752046291,
      "min": 0.00014231787510297838,
      "max": 0.6524799725964752
    },
    "p_low5_fraction": {
      "mean": 0.4863219825673756,
      "std": 0.12650623841948738,
      "sem": 0.012650623841948738,
      "ci95": [
        0.46093071740802094,
        0.5108638751406425
      ],
      "median": 0.4935294751176068,
      "min": 0.15039055368730567,
      "max": 0.7866452830370267
    },
    "rg": {
      "mean": 94.99100947592153,
      "std": 3.746333784061443,
      "sem": 0.3746333784061443,
      "ci95": [
        94.27345068029896,
        95.71374899040829
      ],
      "median": 94.92606266172749,
      "min": 85.7253596241515,
      "max": 105.81218513616386
    },
    "n_holes": {
      "mean": 6.4,
      "std": 2.8850012691907647,
      "sem": 0.28850012691907645,
      "ci95": [
        5.8397499999999996,
        6.98
      ],
      "median": 6.0,
      "min": 0.0,
      "max": 13.0
    },
    "is_tree_fraction": 0.0,
    "single_component_fraction": 0.0
  },
  "generated": {
    "label": "generated",
    "n_images": 100,
    "var_theta_mass": {
      "mean": 48.348370575037436,
      "std": 15.685477538239494,
      "sem": 1.5685477538239494,
      "ci95": [
        45.28014667608355,
        51.35079867077207
      ],
      "median": 44.89279503290017,
      "min": 24.109196050624206,
      "max": 96.66391733029958
    },
    "p1_fraction": {
      "mean": 0.012878656651200813,
      "std": 0.015564470042332626,
      "sem": 0.0015564470042332625,
      "ci95": [
        0.009977991066826928,
        0.016053420981619455
      ],
      "median": 0.008152295725261757,
      "min": 0.0002216477591486192,
      "max": 0.08547151926910947
    },
    "p2_fraction": {
      "mean": 0.261571380779164,
      "std": 0.1729546379032986,
      "sem": 0.01729546379032986,
      "ci95": [
        0.22699671569349067,
        0.2948145387110884
      ],
      "median": 0.23164383632045993,
      "min": 0.018851633764530196,
      "max": 0.6738855845123553
    },
    "p_low5_fraction": {
      "mean": 0.5342450107418207,
      "std": 0.14320881255859974,
      "sem": 0.014320881255859974,
      "ci95": [
        0.5066602022395116,
        0.5612834480671669
      ],
      "median": 0.5262435477711548,
      "min": 0.18789980256024547,
      "max": 0.8111156577545497
    },
    "rg": {
      "mean": 108.64395398612392,
      "std": 12.857884191977842,
      "sem": 1.2857884191977842,
      "ci95": [
        106.08519899440452,
        111.13176520688677
      ],
      "median": 105.86944645934929,
      "min": 87.58560856415171,
      "max": 144.62777821496388
    },
    "n_holes": {
      "mean": 8.46,
      "std": 2.9929884393328017,
      "sem": 0.29929884393328016,
      "ci95": [
        7.9,
        9.030249999999995
      ],
      "median": 8.0,
      "min": 1.0,
      "max": 17.0
    },
    "is_tree_fraction": 0.0,
    "single_component_fraction": 0.0
  },
  "ks_tests": {
    "var_theta_mass": {
      "statistic": 0.31,
      "p_value": 0.00012016164291946694
    },
    "p1_fraction": {
      "statistic": 0.41,
      "p_value": 6.617357604827955e-08
    },
    "p2_fraction": {
      "statistic": 0.48,
      "p_value": 8.448372017533173e-11
    },
    "p_low5_fraction": {
      "statistic": 0.19,
      "p_value": 0.05390207893129876
    },
    "rg": {
      "statistic": 0.65,
      "p_value": 3.108079571219943e-20
    },
    "n_holes": {
      "statistic": 0.29,
      "p_value": 0.0004117410017938115
    }
  },
  "config": {
    "n_wedges": 72,
    "threshold": 128,
    "closing_iters": 2,
    "training_dir": "/tmp/dlas_meeting/train_512_set2",
    "generated_dir": "/tmp/dlas_meeting/epoch24_gen"
  }
}