{
  "training": {
    "label": "train",
    "n_images": 12,
    "var_theta_mass": {
      "mean": 41.4701209942191,
      "std": 7.364639014218172,
      "median": 40.273681847070144,
      "min": 31.475428415784908,
      "max": 53.85
    },
    "p1_fraction": {
      "mean": 0.0034538013775443875,
      "std": 0.0020431722530330778,
      "median": 0.0031375451347767256,
      "min": 0.0006293646983494113,
      "max": 0.007297660251986216
    },
    "p2_fraction": {
      "mean": 0.13051502682851976,
      "std": 0.11234371620333182,
      "median": 0.1095871091904678,
      "min": 0.008722587596358869,
      "max": 0.4356936035812398
    },
    "p_low5_fraction": {
      "mean": 0.5847929591253789,
      "std": 0.10638606719949592,
      "median": 0.5624253283699163,
      "min": 0.37529245269329176,
      "max": 0.7503007057122135
    },
    "rg": {
      "mean": 47.75573676766525,
      "std": 1.4259776361050402,
      "median": 47.80339448293166,
      "min": 45.63075305536182,
      "max": 50.343792202233374
    },
    "n_holes": {
      "mean": 4.0,
      "std": 1.4142135623730951,
      "median": 4.0,
      "min": 1.0,
      "max": 6.0
    },
    "is_tree_fraction": 0.0,
    "single_component_fraction": 1.0
  },
  "generated": {
    "label": "generated",
    "n_images": 13,
    "var_theta_mass": {
      "mean": 53.4168895707962,
      "std": 19.312405204148174,
      "median": 50.79486014263861,
      "min": 25.34786714575272,
      "max": 92.03350855493711
    },
    "p1_fraction": {
      "mean": 0.03498008852195886,
      "std": 0.03249509724649152,
      "median": 0.021046432094046275,
      "min": 0.0009271406876346178,
      "max": 0.09262399633597401
    },
    "p2_fraction": {
      "mean": 0.21287795723485267,
      "std": 0.1749511925130423,
      "median": 0.18308631507869266,
      "min": 0.02312750674568535,
      "max": 0.5201413471137852
    },
    "p_low5_fraction": {
      "mean": 0.526465072269116,
      "std": 0.14244259260072553,
      "median": 0.5355386465999915,
      "min": 0.2831086554895609,
      "max": 0.804226148536066
    },
    "rg": {
      "mean": 124.37257480289857,
      "std": 19.74639931320134,
      "median": 125.36077155300651,
      "min": 94.80754979085013,
      "max": 173.8234886199755
    },
    "n_holes": {
      "mean": 7.384615384615385,
      "std": 1.4432048491764398,
      "median": 7.0,
      "min": 4.0,
      "max": 10.0
    },
    "is_tree_fraction": 0.0,
    "single_component_fraction": 0.0
  },
  "ks_tests": {
    "var_theta_mass": {
      "statistic": 0.38461538461538464,
      "p_value": 0.20332961559910007
    },
    "p1_fraction": {
      "statistic": 0.6923076923076923,
      "p_value": 0.001369151779705017
    },
    "p2_fraction": {
      "statistic": 0.44871794871794873,
      "p_value": 0.10833874968751803
    },
    "p_low5_fraction": {
      "statistic": 0.26282051282051283,
      "p_value": 0.6906278483933619
    },
    "rg": {
      "statistic": 1.0,
      "p_value": 3.845931965463531e-07
    },
    "n_holes": {
      "statistic": 0.8461538461538461,
      "p_value": 3.922850604772802e-05
    }
  },
  "config": {
    "n_wedges": 72,
    "threshold": 128,
    "closing_iters": 2,
    "training_dir": "/home/vectors/Documents/Research/Machta/dla_project/results/v2_training_samples",
    "generated_dir": "/tmp/v3_gen_all"
  }
}