{
  "training": {
    "label": "train",
    "n_images": 100,
    "var_theta_mass": {
      "mean": 42.27476957870898,
      "std": 8.72795507085005,
      "sem": 0.8727955070850051,
      "ci95": [
        40.52896337524674,
        43.992229103636824
      ],
      "median": 42.240017835110805,
      "min": 22.213895603903662,
      "max": 62.077388922362836
    },
    "p1_fraction": {
      "mean": 0.004345639665783624,
      "std": 0.004197686002778401,
      "sem": 0.00041976860027784007,
      "ci95": [
        0.0035870186418699664,
        0.005229602810283528
      ],
      "median": 0.0035359508257098507,
      "min": 3.523917368513017e-05,
      "max": 0.023875132102221575
    },
    "p2_fraction": {
      "mean": 0.12382648930225285,
      "std": 0.10222358305042874,
      "sem": 0.010222358305042874,
      "ci95": [
        0.10468217157270557,
        0.14368124908888877
      ],
      "median": 0.09775773227151936,
      "min": 0.0018823537223799612,
      "max": 0.4070806658326289
    },
    "p_low5_fraction": {
      "mean": 0.49086430003725307,
      "std": 0.1093140344049382,
      "sem": 0.01093140344049382,
      "ci95": [
        0.4686235349257461,
        0.5117463899131106
      ],
      "median": 0.48622858906175415,
      "min": 0.23333237512877145,
      "max": 0.7320777115741143
    },
    "rg": {
      "mean": 95.5454668152318,
      "std": 3.690792480783216,
      "sem": 0.3690792480783216,
      "ci95": [
        94.81446935297907,
        96.26314726699145
      ],
      "median": 95.91321157337404,
      "min": 88.03631263813232,
      "max": 105.32255725170329
    },
    "n_holes": {
      "mean": 6.23,
      "std": 2.766520624111876,
      "sem": 0.27665206241118756,
      "ci95": [
        5.69,
        6.77
      ],
      "median": 6.0,
      "min": 2.0,
      "max": 17.0
    },
    "is_tree_fraction": 0.0,
    "single_component_fraction": 0.0
  },
  "generated": {
    "label": "generated",
    "n_images": 100,
    "var_theta_mass": {
      "mean": 55.16673162843537,
      "std": 22.510585331195823,
      "sem": 2.2510585331195823,
      "ci95": [
        50.97603366539323,
        59.67429763231667
      ],
      "median": 49.203214478811006,
      "min": 20.853493125232255,
      "max": 127.82590957731408
    },
    "p1_fraction": {
      "mean": 0.01472834410220382,
      "std": 0.021263744742686698,
      "sem": 0.00212637447426867,
      "ci95": [
        0.010866187263824859,
        0.018973493940310497
      ],
      "median": 0.005406682992266254,
      "min": 0.0001795004600005727,
      "max": 0.10069613184468691
    },
    "p2_fraction": {
      "mean": 0.2806445668488791,
      "std": 0.18304314715462358,
      "sem": 0.018304314715462358,
      "ci95": [
        0.2461395352025792,
        0.31609384830112036
      ],
      "median": 0.26921330974266033,
      "min": 0.004074227214716229,
      "max": 0.6642270646598628
    },
    "p_low5_fraction": {
      "mean": 0.559717178339659,
      "std": 0.13668491140893615,
      "sem": 0.013668491140893616,
      "ci95": [
        0.5334840436410391,
        0.587117008737861
      ],
      "median": 0.5676040837500229,
      "min": 0.2708983937879892,
      "max": 0.8815044626289429
    },
    "rg": {
      "mean": 123.32037002701425,
      "std": 16.693501244706354,
      "sem": 1.6693501244706355,
      "ci95": [
        120.22966109481303,
        126.62554935770495
      ],
      "median": 119.09830857219711,
      "min": 95.74514493348487,
      "max": 175.00639805518682
    },
    "n_holes": {
      "mean": 4.96,
      "std": 2.369503208384714,
      "sem": 0.2369503208384714,
      "ci95": [
        4.5,
        5.43
      ],
      "median": 5.0,
      "min": 1.0,
      "max": 11.0
    },
    "is_tree_fraction": 0.0,
    "single_component_fraction": 0.0
  },
  "ks_tests": {
    "var_theta_mass": {
      "statistic": 0.33,
      "p_value": 3.211428734211389e-05
    },
    "p1_fraction": {
      "statistic": 0.33,
      "p_value": 3.211428734211389e-05
    },
    "p2_fraction": {
      "statistic": 0.41,
      "p_value": 6.617357604827955e-08
    },
    "p_low5_fraction": {
      "statistic": 0.24,
      "p_value": 0.0061340334218580265
    },
    "rg": {
      "statistic": 0.93,
      "p_value": 5.044580186155621e-47
    },
    "n_holes": {
      "statistic": 0.18,
      "p_value": 0.07822115797841851
    }
  },
  "config": {
    "n_wedges": 72,
    "threshold": 128,
    "closing_iters": 2,
    "training_dir": "/tmp/train_v4mc_e24_56809630",
    "generated_dir": "results/eval_v4mc_e24/samples_ch0"
  }
}