{
  "training": {
    "label": "train",
    "n_images": 100,
    "var_theta_mass": {
      "mean": 42.27476957870898,
      "std": 8.72795507085005,
      "sem": 0.8727955070850051,
      "ci95": [
        40.52896337524674,
        43.992229103636824
      ],
      "median": 42.240017835110805,
      "min": 22.213895603903662,
      "max": 62.077388922362836
    },
    "p1_fraction": {
      "mean": 0.004345639665783624,
      "std": 0.004197686002778401,
      "sem": 0.00041976860027784007,
      "ci95": [
        0.0035870186418699664,
        0.005229602810283528
      ],
      "median": 0.0035359508257098507,
      "min": 3.523917368513017e-05,
      "max": 0.023875132102221575
    },
    "p2_fraction": {
      "mean": 0.12382648930225285,
      "std": 0.10222358305042874,
      "sem": 0.010222358305042874,
      "ci95": [
        0.10468217157270557,
        0.14368124908888877
      ],
      "median": 0.09775773227151936,
      "min": 0.0018823537223799612,
      "max": 0.4070806658326289
    },
    "p_low5_fraction": {
      "mean": 0.49086430003725307,
      "std": 0.1093140344049382,
      "sem": 0.01093140344049382,
      "ci95": [
        0.4686235349257461,
        0.5117463899131106
      ],
      "median": 0.48622858906175415,
      "min": 0.23333237512877145,
      "max": 0.7320777115741143
    },
    "rg": {
      "mean": 95.5454668152318,
      "std": 3.690792480783216,
      "sem": 0.3690792480783216,
      "ci95": [
        94.81446935297907,
        96.26314726699145
      ],
      "median": 95.91321157337404,
      "min": 88.03631263813232,
      "max": 105.32255725170329
    },
    "n_holes": {
      "mean": 6.23,
      "std": 2.766520624111876,
      "sem": 0.27665206241118756,
      "ci95": [
        5.69,
        6.77
      ],
      "median": 6.0,
      "min": 2.0,
      "max": 17.0
    },
    "is_tree_fraction": 0.0,
    "single_component_fraction": 0.0
  },
  "generated": {
    "label": "generated",
    "n_images": 100,
    "var_theta_mass": {
      "mean": 49.522832534668886,
      "std": 17.777267905968134,
      "sem": 1.7777267905968135,
      "ci95": [
        46.18294994462523,
        53.14116946111566
      ],
      "median": 46.70360334660606,
      "min": 21.049869181752964,
      "max": 158.85670097733416
    },
    "p1_fraction": {
      "mean": 0.018776180309573873,
      "std": 0.018100306967241582,
      "sem": 0.0018100306967241582,
      "ci95": [
        0.01544852945273441,
        0.022414377207488144
      ],
      "median": 0.012875255100484657,
      "min": 0.00020664863659185275,
      "max": 0.07050112375968218
    },
    "p2_fraction": {
      "mean": 0.21731177626888004,
      "std": 0.15864925483520942,
      "sem": 0.01586492548352094,
      "ci95": [
        0.1869024413403657,
        0.24735656023658767
      ],
      "median": 0.1961632914503298,
      "min": 0.0034524990839438037,
      "max": 0.6360603095718519
    },
    "p_low5_fraction": {
      "mean": 0.559863386440483,
      "std": 0.1198161374484532,
      "sem": 0.01198161374484532,
      "ci95": [
        0.5357381034790762,
        0.5826409753623912
      ],
      "median": 0.5651262254497083,
      "min": 0.14951118834950516,
      "max": 0.8012819239072417
    },
    "rg": {
      "mean": 117.19245562463624,
      "std": 14.427102530272885,
      "sem": 1.4427102530272884,
      "ci95": [
        114.52552700970642,
        120.03608419918156
      ],
      "median": 113.76079705868997,
      "min": 94.58466488084211,
      "max": 161.74301491853686
    },
    "n_holes": {
      "mean": 4.98,
      "std": 2.3825120432777744,
      "sem": 0.23825120432777744,
      "ci95": [
        4.51,
        5.44
      ],
      "median": 5.0,
      "min": 1.0,
      "max": 12.0
    },
    "is_tree_fraction": 0.0,
    "single_component_fraction": 0.0
  },
  "ks_tests": {
    "var_theta_mass": {
      "statistic": 0.28,
      "p_value": 0.0007377026282063397
    },
    "p1_fraction": {
      "statistic": 0.55,
      "p_value": 3.0406585087050305e-14
    },
    "p2_fraction": {
      "statistic": 0.31,
      "p_value": 0.00012016164291946694
    },
    "p_low5_fraction": {
      "statistic": 0.31,
      "p_value": 0.00012016164291946694
    },
    "rg": {
      "statistic": 0.86,
      "p_value": 2.6058774037713476e-38
    },
    "n_holes": {
      "statistic": 0.19,
      "p_value": 0.05390207893129876
    }
  },
  "config": {
    "n_wedges": 72,
    "threshold": 128,
    "closing_iters": 2,
    "training_dir": "/tmp/recover_train_56505223",
    "generated_dir": "results/eval_v3cr/samples"
  }
}