{
  "training": {
    "label": "train",
    "n_images": 100,
    "var_theta_mass": {
      "mean": 42.27476957870898,
      "std": 8.72795507085005,
      "sem": 0.8727955070850051,
      "ci95": [
        40.52896337524674,
        43.992229103636824
      ],
      "median": 42.240017835110805,
      "min": 22.213895603903662,
      "max": 62.077388922362836
    },
    "p1_fraction": {
      "mean": 0.004345639665783624,
      "std": 0.004197686002778401,
      "sem": 0.00041976860027784007,
      "ci95": [
        0.0035870186418699664,
        0.005229602810283528
      ],
      "median": 0.0035359508257098507,
      "min": 3.523917368513017e-05,
      "max": 0.023875132102221575
    },
    "p2_fraction": {
      "mean": 0.12382648930225285,
      "std": 0.10222358305042874,
      "sem": 0.010222358305042874,
      "ci95": [
        0.10468217157270557,
        0.14368124908888877
      ],
      "median": 0.09775773227151936,
      "min": 0.0018823537223799612,
      "max": 0.4070806658326289
    },
    "p_low5_fraction": {
      "mean": 0.49086430003725307,
      "std": 0.1093140344049382,
      "sem": 0.01093140344049382,
      "ci95": [
        0.4686235349257461,
        0.5117463899131106
      ],
      "median": 0.48622858906175415,
      "min": 0.23333237512877145,
      "max": 0.7320777115741143
    },
    "rg": {
      "mean": 95.5454668152318,
      "std": 3.690792480783216,
      "sem": 0.3690792480783216,
      "ci95": [
        94.81446935297907,
        96.26314726699145
      ],
      "median": 95.91321157337404,
      "min": 88.03631263813232,
      "max": 105.32255725170329
    },
    "n_holes": {
      "mean": 6.23,
      "std": 2.766520624111876,
      "sem": 0.27665206241118756,
      "ci95": [
        5.69,
        6.77
      ],
      "median": 6.0,
      "min": 2.0,
      "max": 17.0
    },
    "is_tree_fraction": 0.0,
    "single_component_fraction": 0.0
  },
  "generated": {
    "label": "generated",
    "n_images": 100,
    "var_theta_mass": {
      "mean": 52.38105376016723,
      "std": 13.881524130296112,
      "sem": 1.3881524130296112,
      "ci95": [
        49.74460477939576,
        55.125456312202274
      ],
      "median": 50.27918702411719,
      "min": 25.523590726783905,
      "max": 120.17147175317909
    },
    "p1_fraction": {
      "mean": 0.016996922812369142,
      "std": 0.01808456465454715,
      "sem": 0.001808456465454715,
      "ci95": [
        0.013581581302520405,
        0.020833170574793405
      ],
      "median": 0.009782384124027403,
      "min": 0.00017176230561806032,
      "max": 0.07365933352567508
    },
    "p2_fraction": {
      "mean": 0.1930846128708123,
      "std": 0.14476907434734598,
      "sem": 0.014476907434734598,
      "ci95": [
        0.16538751916559713,
        0.22045482559797744
      ],
      "median": 0.15645149125890262,
      "min": 0.002662189256510419,
      "max": 0.5248383573260453
    },
    "p_low5_fraction": {
      "mean": 0.5299853275655304,
      "std": 0.1128454875604157,
      "sem": 0.01128454875604157,
      "ci95": [
        0.5074077272960715,
        0.5516931838983854
      ],
      "median": 0.539709953540638,
      "min": 0.1744675954858696,
      "max": 0.7872491620292884
    },
    "rg": {
      "mean": 114.66983719842781,
      "std": 12.493311375021596,
      "sem": 1.2493311375021596,
      "ci95": [
        112.3127333543692,
        117.30176089650736
      ],
      "median": 111.42024886255174,
      "min": 91.49742394691087,
      "max": 154.35838322256586
    },
    "n_holes": {
      "mean": 5.44,
      "std": 2.1476790385263,
      "sem": 0.21476790385263,
      "ci95": [
        5.04,
        5.87
      ],
      "median": 5.0,
      "min": 2.0,
      "max": 13.0
    },
    "is_tree_fraction": 0.0,
    "single_component_fraction": 0.0
  },
  "ks_tests": {
    "var_theta_mass": {
      "statistic": 0.38,
      "p_value": 8.001543644272532e-07
    },
    "p1_fraction": {
      "statistic": 0.45,
      "p_value": 1.7047967801006258e-09
    },
    "p2_fraction": {
      "statistic": 0.23,
      "p_value": 0.009878183186176536
    },
    "p_low5_fraction": {
      "statistic": 0.21,
      "p_value": 0.024055802841094577
    },
    "rg": {
      "statistic": 0.85,
      "p_value": 3.231287980676471e-37
    },
    "n_holes": {
      "statistic": 0.18,
      "p_value": 0.07822115797841851
    }
  },
  "config": {
    "n_wedges": 72,
    "threshold": 128,
    "closing_iters": 2,
    "training_dir": "/tmp/train_v3cr_56509037",
    "generated_dir": "results/eval_v3cr_e74/samples"
  }
}